game_id,team,opponent,player_name,position,stat,side,line,bookmaker,book_odds,phoenix_probability,phoenix_fair_odds,availability_probability,starter_probability,history_reliability,uncertainty_multiplier,distribution_flag,book_price_rule,fair_price_role,ranking_inputs
2026_04_NYJ_CHI,NYJ,CHI,Isaiah Davis,RB,receptions,under,1.5,draftkings,-125.0,0.8888883165673617,-799.995364219508,0.995,,0.9909502882880792,1.14270266760059,OK,HARD_CEILING_ONLY_-200,INFORMATIONAL_ONLY_NO_COMPARISON,"['phoenix_probability', 'availability', 'distribution_qa', 'history_reliability']"
2026_04_NYJ_CHI,NYJ,CHI,Braelon Allen,RB,rush_attempts,under,13.5,draftkings,102.0,0.8049191108491175,-412.6078747911408,0.995,,0.9909502882880792,1.1478117946353297,OK,HARD_CEILING_ONLY_-200,INFORMATIONAL_ONLY_NO_COMPARISON,"['phoenix_probability', 'availability', 'distribution_qa', 'history_reliability']"
2026_04_NE_BUF,BUF,NE,Khalil Shakir,WR,receptions,under,4.5,draftkings,-163.0,0.8019021620524999,-404.8010671701626,0.995,,0.9909502882880792,1.134617956483946,OK,HARD_CEILING_ONLY_-200,INFORMATIONAL_ONLY_NO_COMPARISON,"['phoenix_probability', 'availability', 'distribution_qa', 'history_reliability']"
2026_04_IND_WAS,WAS,IND,Marcus Mariota,QB,rush_attempts,under,5.5,draftkings,-133.0,0.771856611452556,-338.3208325110167,0.995,0.995,0.9909502882880792,1.155666291922343,OK,HARD_CEILING_ONLY_-200,INFORMATIONAL_ONLY_NO_COMPARISON,"['phoenix_probability', 'availability', 'distribution_qa', 'history_reliability']"
2026_04_ATL_NO,ATL,NO,Bijan Robinson,RB,receiving_yards,under,40.5,draftkings,-114.0,0.7692127903908745,-333.2995756973091,0.995,,0.9909502882880792,1.1334765885837126,OK,HARD_CEILING_ONLY_-200,INFORMATIONAL_ONLY_NO_COMPARISON,"['phoenix_probability', 'availability', 'distribution_qa', 'history_reliability']"
2026_04_NE_BUF,BUF,NE,DJ Moore,WR,receptions,under,4.5,draftkings,-160.0,0.7655674998975217,-326.56201659875086,0.995,,0.9909502882880792,1.1666265885837124,OK,HARD_CEILING_ONLY_-200,INFORMATIONAL_ONLY_NO_COMPARISON,"['phoenix_probability', 'availability', 'distribution_qa', 'history_reliability']"
2026_04_MIA_MIN,MIA,MIN,Jaylen Wright,RB,rush_attempts,under,8.5,draftkings,-101.0,0.764894484141641,-325.34093526008854,0.995,,0.9819824738582276,1.1264086616708473,OK,HARD_CEILING_ONLY_-200,INFORMATIONAL_ONLY_NO_COMPARISON,"['phoenix_probability', 'availability', 'distribution_qa', 'history_reliability']"
2026_04_JAX_CIN,JAX,CIN,Parker Washington,WR,receptions,under,5.5,draftkings,-144.0,0.75670037430033,-311.01583988230374,0.995,,0.9909502882880792,1.13775853162699,OK,HARD_CEILING_ONLY_-200,INFORMATIONAL_ONLY_NO_COMPARISON,"['phoenix_probability', 'availability', 'distribution_qa', 'history_reliability']"
2026_04_DET_CAR,DET,CAR,Amon-Ra St. Brown,WR,receptions,under,7.5,draftkings,-149.0,0.7564222974717312,-310.54660981702267,0.995,,0.9909502882880792,1.1337500026026797,OK,HARD_CEILING_ONLY_-200,INFORMATIONAL_ONLY_NO_COMPARISON,"['phoenix_probability', 'availability', 'distribution_qa', 'history_reliability']"
2026_04_KC_LV,KC,LV,Xavier Worthy,WR,receptions,under,3.5,draftkings,-176.0,0.7547292500560489,-307.71270126116474,0.995,,0.9909502882880792,1.1415414833666817,OK,HARD_CEILING_ONLY_-200,INFORMATIONAL_ONLY_NO_COMPARISON,"['phoenix_probability', 'availability', 'distribution_qa', 'history_reliability']"
2026_04_LA_PHI,LA,PHI,Puka Nacua,WR,receptions,under,6.5,draftkings,-150.0,0.7518665694516129,-303.00897698063125,0.995,,0.9730958155636518,1.1954862153994867,OK,HARD_CEILING_ONLY_-200,INFORMATIONAL_ONLY_NO_COMPARISON,"['phoenix_probability', 'availability', 'distribution_qa', 'history_reliability']"
2026_04_NYJ_CHI,CHI,NYJ,Colston Loveland,TE,receptions,under,3.5,draftkings,-123.0,0.7461424465688891,-293.9217039178505,0.995,,0.9909502882880792,1.1530052901403252,OK,HARD_CEILING_ONLY_-200,INFORMATIONAL_ONLY_NO_COMPARISON,"['phoenix_probability', 'availability', 'distribution_qa', 'history_reliability']"
2026_04_NE_BUF,NE,BUF,Drake Maye,QB,rush_attempts,under,5.5,draftkings,-117.0,0.7360392552236248,-278.84421065988033,0.995,0.995,0.9909502882880792,1.1064414833666816,OK,HARD_CEILING_ONLY_-200,INFORMATIONAL_ONLY_NO_COMPARISON,"['phoenix_probability', 'availability', 'distribution_qa', 'history_reliability']"
2026_04_ATL_NO,NO,ATL,Tyler Shough,QB,pass_attempts,over,34.5,draftkings,-105.0,0.7338676874627219,-275.7529442652427,0.995,0.995,0.9269491165247148,1.160615550379705,OK,HARD_CEILING_ONLY_-200,INFORMATIONAL_ONLY_NO_COMPARISON,"['phoenix_probability', 'availability', 'distribution_qa', 'history_reliability']"
2026_04_NE_BUF,BUF,NE,Dalton Kincaid,TE,receiving_yards,under,54.5,draftkings,-114.0,0.728542343827737,-268.3815789544041,0.995,,0.9909502882880792,1.1366074583053265,OK,HARD_CEILING_ONLY_-200,INFORMATIONAL_ONLY_NO_COMPARISON,"['phoenix_probability', 'availability', 'distribution_qa', 'history_reliability']"
2026_04_NE_BUF,BUF,NE,Dalton Kincaid,TE,receptions,under,4.5,draftkings,-120.0,0.7260550952661333,-265.0369043992568,0.995,,0.9909502882880792,1.1366074583053265,OK,HARD_CEILING_ONLY_-200,INFORMATIONAL_ONLY_NO_COMPARISON,"['phoenix_probability', 'availability', 'distribution_qa', 'history_reliability']"
2026_04_NE_BUF,NE,BUF,Romeo Doubs,WR,receptions,under,3.5,draftkings,-129.0,0.722009402151679,-259.724396342939,0.995,,0.9909502882880792,1.134924493007538,OK,HARD_CEILING_ONLY_-200,INFORMATIONAL_ONLY_NO_COMPARISON,"['phoenix_probability', 'availability', 'distribution_qa', 'history_reliability']"
2026_04_JAX_CIN,CIN,JAX,Chase Brown,RB,receptions,under,3.5,draftkings,-142.0,0.7218749671716875,-259.5505193584295,0.995,,0.9909502882880792,1.1352403660639012,OK,HARD_CEILING_ONLY_-200,INFORMATIONAL_ONLY_NO_COMPARISON,"['phoenix_probability', 'availability', 'distribution_qa', 'history_reliability']"
2026_04_KC_LV,LV,KC,Brock Bowers,TE,receptions,under,6.5,draftkings,104.0,0.7199544584941415,-257.08477793390625,0.995,,0.9909502882880792,1.1433249610812204,OK,HARD_CEILING_ONLY_-200,INFORMATIONAL_ONLY_NO_COMPARISON,"['phoenix_probability', 'availability', 'distribution_qa', 'history_reliability']"
2026_04_DEN_SF,DEN,SF,Jaylen Waddle,WR,receptions,under,4.5,draftkings,-116.0,0.7175923372238798,-254.09804046030936,0.995,,0.9909502882880792,1.100140366063901,OK,HARD_CEILING_ONLY_-200,INFORMATIONAL_ONLY_NO_COMPARISON,"['phoenix_probability', 'availability', 'distribution_qa', 'history_reliability']"
2026_04_NYJ_CHI,CHI,NYJ,Luther Burden III,WR,receiving_yards,under,47.5,draftkings,-115.0,0.7143368595339967,-250.06266414655263,0.995,,0.9909502882880792,1.1542832560868532,OK,HARD_CEILING_ONLY_-200,INFORMATIONAL_ONLY_NO_COMPARISON,"['phoenix_probability', 'availability', 'distribution_qa', 'history_reliability']"
2026_04_ATL_NO,ATL,NO,Bijan Robinson,RB,receptions,under,4.5,draftkings,-115.0,0.7123425332344484,-247.6356832465004,0.995,,0.9909502882880792,1.1334765885837126,OK,HARD_CEILING_ONLY_-200,INFORMATIONAL_ONLY_NO_COMPARISON,"['phoenix_probability', 'availability', 'distribution_qa', 'history_reliability']"
2026_04_MIA_MIN,MIN,MIA,Jordan Addison,WR,receptions,under,4.5,draftkings,-117.0,0.709369302025534,-244.07927550993168,0.995,,0.9909502882880792,1.134924493007538,OK,HARD_CEILING_ONLY_-200,INFORMATIONAL_ONLY_NO_COMPARISON,"['phoenix_probability', 'availability', 'distribution_qa', 'history_reliability']"
2026_04_IND_WAS,IND,WAS,Josh Downs,WR,receptions,under,5.5,draftkings,-144.0,0.7054232417912097,-239.47009468113552,0.995,,0.9909502882880792,1.134617956483946,OK,HARD_CEILING_ONLY_-200,INFORMATIONAL_ONLY_NO_COMPARISON,"['phoenix_probability', 'availability', 'distribution_qa', 'history_reliability']"
2026_04_IND_WAS,IND,WAS,Josh Downs,WR,receiving_yards,under,61.5,draftkings,-110.0,0.7018801129527215,-235.4355222338492,0.995,,0.9909502882880792,1.134617956483946,OK,HARD_CEILING_ONLY_-200,INFORMATIONAL_ONLY_NO_COMPARISON,"['phoenix_probability', 'availability', 'distribution_qa', 'history_reliability']"
2026_04_JAX_CIN,JAX,CIN,Brenton Strange,TE,receptions,under,3.5,draftkings,-126.0,0.701849372667239,-235.40093775617532,0.995,,0.9909502882880792,1.1399795718425083,OK,HARD_CEILING_ONLY_-200,INFORMATIONAL_ONLY_NO_COMPARISON,"['phoenix_probability', 'availability', 'distribution_qa', 'history_reliability']"
2026_04_ARI_NYG,NYG,ARI,Malik Nabers,WR,receptions,under,4.5,draftkings,111.0,0.6990412885266761,-232.27149169551024,0.995,,0.9909502882880792,1.149684965727886,OK,HARD_CEILING_ONLY_-200,INFORMATIONAL_ONLY_NO_COMPARISON,"['phoenix_probability', 'availability', 'distribution_qa', 'history_reliability']"
2026_04_DET_CAR,CAR,DET,Darren Waller,TE,receptions,under,3.5,draftkings,-174.0,0.6988880277633829,-232.1023712780802,0.995,,0.9909502882880792,1.1127117946353298,OK,HARD_CEILING_ONLY_-200,INFORMATIONAL_ONLY_NO_COMPARISON,"['phoenix_probability', 'availability', 'distribution_qa', 'history_reliability']"
2026_04_DAL_HOU,DAL,HOU,Ryan Flournoy,WR,receptions,under,3.5,draftkings,-130.0,0.6979300870313065,-231.04918996141137,0.995,,0.9909502882880792,1.145387886666345,OK,HARD_CEILING_ONLY_-200,INFORMATIONAL_ONLY_NO_COMPARISON,"['phoenix_probability', 'availability', 'distribution_qa', 'history_reliability']"
2026_04_MIA_MIN,MIN,MIA,Aaron Jones,RB,receptions,under,3.5,draftkings,-143.0,0.6963362502125852,-229.31161546284915,0.995,,0.9909502882880792,1.1701280425388836,OK,HARD_CEILING_ONLY_-200,INFORMATIONAL_ONLY_NO_COMPARISON,"['phoenix_probability', 'availability', 'distribution_qa', 'history_reliability']"
2026_04_LAC_SEA,SEA,LAC,AJ Barner,TE,receptions,under,3.5,draftkings,-168.0,0.696017951080462,-228.9667937808701,0.995,,0.9909502882880792,1.1404784613019965,OK,HARD_CEILING_ONLY_-200,INFORMATIONAL_ONLY_NO_COMPARISON,"['phoenix_probability', 'availability', 'distribution_qa', 'history_reliability']"
2026_04_DET_CAR,DET,CAR,Jahmyr Gibbs,RB,receptions,under,4.5,draftkings,-104.0,0.6958320722873406,-228.76576025618235,0.995,,0.9909502882880792,1.1340311187040413,OK,HARD_CEILING_ONLY_-200,INFORMATIONAL_ONLY_NO_COMPARISON,"['phoenix_probability', 'availability', 'distribution_qa', 'history_reliability']"
2026_04_LA_PHI,PHI,LA,Jalen Hurts,QB,rush_attempts,under,6.5,draftkings,-147.0,0.6953842557523637,-228.2824407089916,0.995,0.995,0.9909502882880792,1.1343203054277171,OK,HARD_CEILING_ONLY_-200,INFORMATIONAL_ONLY_NO_COMPARISON,"['phoenix_probability', 'availability', 'distribution_qa', 'history_reliability']"
2026_04_MIA_MIN,MIA,MIN,Malik Willis,QB,pass_completions,over,15.5,draftkings,-121.0,0.6951897588869916,-228.07296642938252,0.995,0.995,0.9594834908647925,1.1588117946353298,OK,HARD_CEILING_ONLY_-200,INFORMATIONAL_ONLY_NO_COMPARISON,"['phoenix_probability', 'availability', 'distribution_qa', 'history_reliability']"
2026_04_MIA_MIN,MIA,MIN,Malik Willis,QB,pass_attempts,over,28.5,draftkings,-114.0,0.6946105131769581,-227.45069596303767,0.995,0.995,0.9594834908647925,1.1588117946353298,OK,HARD_CEILING_ONLY_-200,INFORMATIONAL_ONLY_NO_COMPARISON,"['phoenix_probability', 'availability', 'distribution_qa', 'history_reliability']"
2026_04_JAX_CIN,CIN,JAX,Tee Higgins,WR,receptions,under,4.5,draftkings,-131.0,0.6940520320401544,-226.8529634853616,0.995,,0.9909502882880792,1.1373614801085028,OK,HARD_CEILING_ONLY_-200,INFORMATIONAL_ONLY_NO_COMPARISON,"['phoenix_probability', 'availability', 'distribution_qa', 'history_reliability']"
2026_04_JAX_CIN,CIN,JAX,Ja'Marr Chase,WR,receptions,under,6.5,draftkings,112.0,0.6910109242617519,-223.63603716758053,0.995,,0.9909502882880792,1.1340311187040413,OK,HARD_CEILING_ONLY_-200,INFORMATIONAL_ONLY_NO_COMPARISON,"['phoenix_probability', 'availability', 'distribution_qa', 'history_reliability']"
2026_04_DAL_HOU,HOU,DAL,Nico Collins,WR,receptions,under,5.5,draftkings,-128.0,0.6893897349396305,-221.9468615454941,0.995,,0.9730958155636518,1.1962152329489633,OK,HARD_CEILING_ONLY_-200,INFORMATIONAL_ONLY_NO_COMPARISON,"['phoenix_probability', 'availability', 'distribution_qa', 'history_reliability']"
2026_04_LAC_SEA,SEA,LAC,Jaxon Smith-Njigba,WR,receptions,under,7.5,draftkings,-141.0,0.6853732304252689,-217.8369092215712,0.995,,0.9909502882880792,1.1334765885837126,OK,HARD_CEILING_ONLY_-200,INFORMATIONAL_ONLY_NO_COMPARISON,"['phoenix_probability', 'availability', 'distribution_qa', 'history_reliability']"
2026_04_GB_TB,GB,TB,Tucker Kraft,TE,receptions,under,4.5,draftkings,-154.0,0.6853161316804786,-217.779238363953,0.995,,0.9909502882880792,1.1373614801085028,OK,HARD_CEILING_ONLY_-200,INFORMATIONAL_ONLY_NO_COMPARISON,"['phoenix_probability', 'availability', 'distribution_qa', 'history_reliability']"
2026_04_MIA_MIN,MIN,MIA,T.J. Hockenson,TE,receptions,under,4.5,draftkings,-141.0,0.6840765050577815,-216.53233013989575,0.995,,0.9909502882880792,1.1369780425388838,OK,HARD_CEILING_ONLY_-200,INFORMATIONAL_ONLY_NO_COMPARISON,"['phoenix_probability', 'availability', 'distribution_qa', 'history_reliability']"
2026_04_ARI_NYG,NYG,ARI,Cam Skattebo,RB,rush_attempts,under,16.5,draftkings,-124.0,0.682833242033346,-215.2915540111985,0.995,,0.8216525730365185,1.1673203242461885,OK,HARD_CEILING_ONLY_-200,INFORMATIONAL_ONLY_NO_COMPARISON,"['phoenix_probability', 'availability', 'distribution_qa', 'history_reliability']"
2026_04_DET_CAR,CAR,DET,Chuba Hubbard,RB,rush_attempts,under,16.5,draftkings,-106.0,0.6828147049631074,-215.27312761573245,0.995,,0.9909502882880792,1.099517956483946,OK,HARD_CEILING_ONLY_-200,INFORMATIONAL_ONLY_NO_COMPARISON,"['phoenix_probability', 'availability', 'distribution_qa', 'history_reliability']"
2026_04_DAL_HOU,HOU,DAL,Dalton Schultz,TE,receptions,under,4.5,draftkings,-129.0,0.6785236195859659,-211.0648436168422,0.995,,0.9909502882880792,1.1671811187040413,OK,HARD_CEILING_ONLY_-200,INFORMATIONAL_ONLY_NO_COMPARISON,"['phoenix_probability', 'availability', 'distribution_qa', 'history_reliability']"
2026_04_ATL_NO,NO,ATL,Alvin Kamara,RB,rush_attempts,under,11.5,draftkings,-115.0,0.6782859868501068,-210.8350768463664,0.995,,0.9909502882880792,1.1381700222508229,OK,HARD_CEILING_ONLY_-200,INFORMATIONAL_ONLY_NO_COMPARISON,"['phoenix_probability', 'availability', 'distribution_qa', 'history_reliability']"
2026_04_LA_PHI,LA,PHI,Davante Adams,WR,receptions,under,4.5,draftkings,-104.0,0.6774251745436926,-210.00559283738937,0.995,,0.9909502882880792,1.1352403660639012,OK,HARD_CEILING_ONLY_-200,INFORMATIONAL_ONLY_NO_COMPARISON,"['phoenix_probability', 'availability', 'distribution_qa', 'history_reliability']"
2026_04_DET_CAR,DET,CAR,Jameson Williams,WR,receptions,under,3.5,draftkings,-123.0,0.676281518719519,-208.91038288714972,0.995,,0.9909502882880792,1.135566059440759,OK,HARD_CEILING_ONLY_-200,INFORMATIONAL_ONLY_NO_COMPARISON,"['phoenix_probability', 'availability', 'distribution_qa', 'history_reliability']"
2026_04_NE_BUF,NE,BUF,Mack Hollins,WR,receptions,under,3.5,draftkings,105.0,0.6756687016000456,-208.32670326094572,0.995,,0.9909502882880792,1.1359020927648664,OK,HARD_CEILING_ONLY_-200,INFORMATIONAL_ONLY_NO_COMPARISON,"['phoenix_probability', 'availability', 'distribution_qa', 'history_reliability']"
2026_04_DEN_SF,SF,DEN,George Kittle,TE,receptions,under,4.5,draftkings,117.0,0.6754840121697835,-208.15122752078085,0.995,,0.9909502882880792,1.136249024989407,OK,HARD_CEILING_ONLY_-200,INFORMATIONAL_ONLY_NO_COMPARISON,"['phoenix_probability', 'availability', 'distribution_qa', 'history_reliability']"
2026_04_KC_LV,LV,KC,Tre Tucker,WR,receptions,under,3.5,draftkings,-169.0,0.6753664902613026,-208.03967243089463,0.995,,0.9909502882880792,1.134617956483946,OK,HARD_CEILING_ONLY_-200,INFORMATIONAL_ONLY_NO_COMPARISON,"['phoenix_probability', 'availability', 'distribution_qa', 'history_reliability']"
2026_04_GB_TB,GB,TB,Jordan Love,QB,pass_attempts,over,33.5,draftkings,-115.0,0.6732475551497173,-206.0420865276764,0.995,0.995,0.9909502882880792,1.134617956483946,OK,HARD_CEILING_ONLY_-200,INFORMATIONAL_ONLY_NO_COMPARISON,"['phoenix_probability', 'availability', 'distribution_qa', 'history_reliability']"
2026_04_NYJ_CHI,CHI,NYJ,Luther Burden III,WR,receptions,under,4.5,draftkings,-121.0,0.672465766224108,-205.31159704186152,0.995,,0.9909502882880792,1.1542832560868532,OK,HARD_CEILING_ONLY_-200,INFORMATIONAL_ONLY_NO_COMPARISON,"['phoenix_probability', 'availability', 'distribution_qa', 'history_reliability']"
2026_04_DEN_SF,DEN,SF,RJ Harvey,RB,receptions,under,3.5,draftkings,-122.0,0.6690296923133836,-202.14190722717737,0.995,,0.9909502882880792,1.1530052901403252,OK,HARD_CEILING_ONLY_-200,INFORMATIONAL_ONLY_NO_COMPARISON,"['phoenix_probability', 'availability', 'distribution_qa', 'history_reliability']"
2026_04_DAL_HOU,DAL,HOU,Javonte Williams,RB,rush_attempts,under,15.5,draftkings,-112.0,0.6688932408900724,-202.0173924229676,0.995,,0.9909502882880792,1.1340311187040413,OK,HARD_CEILING_ONLY_-200,INFORMATIONAL_ONLY_NO_COMPARISON,"['phoenix_probability', 'availability', 'distribution_qa', 'history_reliability']"
2026_04_DEN_SF,DEN,SF,Bo Nix,QB,rush_attempts,under,4.5,draftkings,-115.0,0.6685142210177106,-201.6720666178045,0.995,0.995,0.9909502882880792,1.1395005072840976,OK,HARD_CEILING_ONLY_-200,INFORMATIONAL_ONLY_NO_COMPARISON,"['phoenix_probability', 'availability', 'distribution_qa', 'history_reliability']"
2026_04_KC_LV,KC,LV,Travis Kelce,TE,receptions,under,4.5,draftkings,-139.0,0.6682940716513783,-201.4718503761572,0.995,,0.9909502882880792,1.1343203054277171,OK,HARD_CEILING_ONLY_-200,INFORMATIONAL_ONLY_NO_COMPARISON,"['phoenix_probability', 'availability', 'distribution_qa', 'history_reliability']"
2026_04_LA_PHI,PHI,LA,Saquon Barkley,RB,rush_attempts,under,16.5,draftkings,-104.0,0.6672669604881023,-200.54123914683936,0.995,,0.9909502882880792,1.134924493007538,OK,HARD_CEILING_ONLY_-200,INFORMATIONAL_ONLY_NO_COMPARISON,"['phoenix_probability', 'availability', 'distribution_qa', 'history_reliability']"
2026_04_LAC_SEA,SEA,LAC,Emanuel Wilson,RB,rushing_yards,under,52.5,draftkings,-111.0,0.6652239787806462,-198.70717632574244,0.995,,0.9909502882880792,1.1373614801085028,OK,HARD_CEILING_ONLY_-200,INFORMATIONAL_ONLY_NO_COMPARISON,"['phoenix_probability', 'availability', 'distribution_qa', 'history_reliability']"
2026_04_DAL_HOU,DAL,HOU,Jake Ferguson,TE,receptions,under,3.5,draftkings,-122.0,0.6634448532278019,-197.128125833376,0.995,,0.9909502882880792,1.1343203054277171,OK,HARD_CEILING_ONLY_-200,INFORMATIONAL_ONLY_NO_COMPARISON,"['phoenix_probability', 'availability', 'distribution_qa', 'history_reliability']"
2026_04_ATL_NO,NO,ATL,Devaughn Vele,WR,receptions,under,4.5,draftkings,-155.0,0.6580948014338213,-192.4787350978056,0.995,,0.9909502882880792,1.1469573443657304,OK,HARD_CEILING_ONLY_-200,INFORMATIONAL_ONLY_NO_COMPARISON,"['phoenix_probability', 'availability', 'distribution_qa', 'history_reliability']"
2026_04_DEN_SF,DEN,SF,Courtland Sutton,WR,receptions,under,3.5,draftkings,-137.0,0.6580696632919703,-192.4572325543282,0.995,,0.9909502882880792,1.1340311187040413,OK,HARD_CEILING_ONLY_-200,INFORMATIONAL_ONLY_NO_COMPARISON,"['phoenix_probability', 'availability', 'distribution_qa', 'history_reliability']"
2026_04_DAL_HOU,HOU,DAL,Woody Marks,RB,rush_attempts,under,9.5,draftkings,-121.0,0.6579810638471297,-192.38147198757315,0.995,,0.9909502882880792,1.1530052901403252,OK,HARD_CEILING_ONLY_-200,INFORMATIONAL_ONLY_NO_COMPARISON,"['phoenix_probability', 'availability', 'distribution_qa', 'history_reliability']"
2026_04_IND_WAS,IND,WAS,Jonathan Taylor,RB,rush_attempts,under,19.5,draftkings,100.0,0.6560017613615159,-190.699162867204,0.995,,0.9909502882880792,1.1015074583053266,OK,HARD_CEILING_ONLY_-200,INFORMATIONAL_ONLY_NO_COMPARISON,"['phoenix_probability', 'availability', 'distribution_qa', 'history_reliability']"
2026_04_DET_CAR,DET,CAR,Sam LaPorta,TE,receptions,under,4.5,draftkings,-135.0,0.6552825697306996,-190.09267074739432,0.995,,0.9909502882880792,1.136249024989407,OK,HARD_CEILING_ONLY_-200,INFORMATIONAL_ONLY_NO_COMPARISON,"['phoenix_probability', 'availability', 'distribution_qa', 'history_reliability']"
2026_04_ATL_NO,ATL,NO,Drake London,WR,receptions,under,5.5,draftkings,116.0,0.6539053714353593,-188.93831844409237,0.995,,0.9909502882880792,1.1352403660639012,OK,HARD_CEILING_ONLY_-200,INFORMATIONAL_ONLY_NO_COMPARISON,"['phoenix_probability', 'availability', 'distribution_qa', 'history_reliability']"
2026_04_GB_TB,GB,TB,Kaleb Johnson,RB,rush_attempts,under,8.5,draftkings,108.0,0.6529950908456977,-188.1803610321061,0.995,,0.893230518964623,1.1626092678560631,OK,HARD_CEILING_ONLY_-200,INFORMATIONAL_ONLY_NO_COMPARISON,"['phoenix_probability', 'availability', 'distribution_qa', 'history_reliability']"
2026_04_JAX_CIN,JAX,CIN,Jakobi Meyers,WR,receptions,under,3.5,draftkings,103.0,0.6523363405449203,-187.6343192059181,0.995,,0.9909502882880792,1.1677679564839458,OK,HARD_CEILING_ONLY_-200,INFORMATIONAL_ONLY_NO_COMPARISON,"['phoenix_probability', 'availability', 'distribution_qa', 'history_reliability']"
2026_04_DET_CAR,CAR,DET,Tetairoa McMillan,WR,receptions,under,4.5,draftkings,118.0,0.6517343533386579,-187.13713499638183,0.995,,0.9909502882880792,1.151819730487248,OK,HARD_CEILING_ONLY_-200,INFORMATIONAL_ONLY_NO_COMPARISON,"['phoenix_probability', 'availability', 'distribution_qa', 'history_reliability']"
2026_04_GB_TB,TB,GB,Jalon Daniels,QB,pass_attempts,over,27.5,draftkings,-122.0,0.6505630759738122,-186.1746802478885,0.995,1.0,0.2477375720720198,1.2593752864963703,OK,HARD_CEILING_ONLY_-200,INFORMATIONAL_ONLY_NO_COMPARISON,"['phoenix_probability', 'availability', 'distribution_qa', 'history_reliability']"
2026_04_LA_PHI,PHI,LA,Dontayvion Wicks,WR,receptions,under,3.5,draftkings,122.0,0.6504717985023533,-186.0999472189178,0.995,,0.9909502882880792,1.1352403660639012,OK,HARD_CEILING_ONLY_-200,INFORMATIONAL_ONLY_NO_COMPARISON,"['phoenix_probability', 'availability', 'distribution_qa', 'history_reliability']"
2026_04_GB_TB,GB,TB,Matthew Golden,WR,receptions,under,4.5,draftkings,112.0,0.6481128578980645,-184.18202325514852,0.995,,0.9909502882880792,1.155666291922343,OK,HARD_CEILING_ONLY_-200,INFORMATIONAL_ONLY_NO_COMPARISON,"['phoenix_probability', 'availability', 'distribution_qa', 'history_reliability']"
2026_04_KC_LV,LV,KC,Ashton Jeanty,RB,receptions,under,3.5,draftkings,-155.0,0.6479101511749045,-184.01841272531573,0.995,,0.9909502882880792,1.116719730487248,OK,HARD_CEILING_ONLY_-200,INFORMATIONAL_ONLY_NO_COMPARISON,"['phoenix_probability', 'availability', 'distribution_qa', 'history_reliability']"
2026_04_GB_TB,GB,TB,Jordan Love,QB,pass_completions,over,20.5,draftkings,-133.0,0.6449121188668339,-181.6204250082466,0.995,0.995,0.9909502882880792,1.134617956483946,OK,HARD_CEILING_ONLY_-200,INFORMATIONAL_ONLY_NO_COMPARISON,"['phoenix_probability', 'availability', 'distribution_qa', 'history_reliability']"
2026_04_IND_WAS,IND,WAS,Daniel Jones,QB,pass_attempts,over,31.5,draftkings,-109.0,0.6438945959297144,-180.81573280551143,0.995,0.995,0.9909502882880792,1.142108878945583,OK,HARD_CEILING_ONLY_-200,INFORMATIONAL_ONLY_NO_COMPARISON,"['phoenix_probability', 'availability', 'distribution_qa', 'history_reliability']"
2026_04_DAL_HOU,DAL,HOU,Javonte Williams,RB,receptions,under,2.5,draftkings,-102.0,0.6435466579524499,-180.54162551984217,0.995,,0.9909502882880792,1.1340311187040413,OK,HARD_CEILING_ONLY_-200,INFORMATIONAL_ONLY_NO_COMPARISON,"['phoenix_probability', 'availability', 'distribution_qa', 'history_reliability']"
2026_04_TEN_BAL,BAL,TEN,Rashod Bateman,WR,receptions,under,2.5,draftkings,-145.0,0.6399614526728308,-177.74803765422757,0.995,,0.9909502882880792,1.135566059440759,OK,HARD_CEILING_ONLY_-200,INFORMATIONAL_ONLY_NO_COMPARISON,"['phoenix_probability', 'availability', 'distribution_qa', 'history_reliability']"
2026_04_KC_LV,KC,LV,Rashee Rice,WR,receptions,under,4.5,draftkings,105.0,0.639476434942393,-177.3743790756682,0.995,,0.9909502882880792,1.10760266760059,OK,HARD_CEILING_ONLY_-200,INFORMATIONAL_ONLY_NO_COMPARISON,"['phoenix_probability', 'availability', 'distribution_qa', 'history_reliability']"
2026_04_JAX_CIN,JAX,CIN,Trevor Lawrence,QB,rush_attempts,under,3.5,draftkings,-120.0,0.6387759221050842,-176.83647386620538,0.995,0.995,0.9909502882880792,1.1359020927648664,OK,HARD_CEILING_ONLY_-200,INFORMATIONAL_ONLY_NO_COMPARISON,"['phoenix_probability', 'availability', 'distribution_qa', 'history_reliability']"
2026_04_NE_BUF,NE,BUF,Hunter Henry,TE,receptions,under,3.5,draftkings,-118.0,0.6370904558677957,-175.55075807973515,0.995,,0.9909502882880792,1.134924493007538,OK,HARD_CEILING_ONLY_-200,INFORMATIONAL_ONLY_NO_COMPARISON,"['phoenix_probability', 'availability', 'distribution_qa', 'history_reliability']"
2026_04_ATL_NO,NO,ATL,Juwan Johnson,TE,receiving_yards,under,41.5,draftkings,-109.0,0.6346311279619252,-173.6960032807039,0.995,,0.9909502882880792,1.1352403660639012,OK,HARD_CEILING_ONLY_-200,INFORMATIONAL_ONLY_NO_COMPARISON,"['phoenix_probability', 'availability', 'distribution_qa', 'history_reliability']"
2026_04_LAC_SEA,SEA,LAC,Sam Darnold,QB,pass_attempts,over,30.5,draftkings,-103.0,0.6326656297272066,-172.23153642208064,0.995,0.995,0.9909502882880792,1.1359020927648664,OK,HARD_CEILING_ONLY_-200,INFORMATIONAL_ONLY_NO_COMPARISON,"['phoenix_probability', 'availability', 'distribution_qa', 'history_reliability']"
2026_04_NYJ_CHI,NYJ,CHI,Garrett Wilson,WR,receptions,under,6.5,draftkings,-128.0,0.6322622133264317,-171.9328924682073,0.995,,0.9909502882880792,1.1366074583053265,OK,HARD_CEILING_ONLY_-200,INFORMATIONAL_ONLY_NO_COMPARISON,"['phoenix_probability', 'availability', 'distribution_qa', 'history_reliability']"
2026_04_IND_WAS,IND,WAS,Tyler Warren,TE,receptions,under,5.5,draftkings,-112.0,0.6311522552407647,-171.1145761926098,0.995,,0.9909502882880792,1.151819730487248,OK,HARD_CEILING_ONLY_-200,INFORMATIONAL_ONLY_NO_COMPARISON,"['phoenix_probability', 'availability', 'distribution_qa', 'history_reliability']"
2026_04_IND_WAS,IND,WAS,Daniel Jones,QB,pass_completions,over,20.5,draftkings,-134.0,0.6298447631678646,-170.15692350004437,0.995,0.995,0.9909502882880792,1.142108878945583,OK,HARD_CEILING_ONLY_-200,INFORMATIONAL_ONLY_NO_COMPARISON,"['phoenix_probability', 'availability', 'distribution_qa', 'history_reliability']"
2026_04_DAL_HOU,HOU,DAL,C.J. Stroud,QB,pass_attempts,over,32.5,draftkings,-112.0,0.6295551166041896,-169.9456909306335,0.995,0.995,0.9909502882880792,1.134924493007538,OK,HARD_CEILING_ONLY_-200,INFORMATIONAL_ONLY_NO_COMPARISON,"['phoenix_probability', 'availability', 'distribution_qa', 'history_reliability']"
2026_04_DET_CAR,DET,CAR,Jared Goff,QB,pass_attempts,under,34.5,draftkings,-110.0,0.6292829778786768,-169.74752717794917,0.995,0.995,0.9909502882880792,1.1334765885837126,OK,HARD_CEILING_ONLY_-200,INFORMATIONAL_ONLY_NO_COMPARISON,"['phoenix_probability', 'availability', 'distribution_qa', 'history_reliability']"
2026_04_DEN_SF,SF,DEN,Christian McCaffrey,RB,receptions,under,4.5,draftkings,107.0,0.6291573641895625,-169.65615693422234,0.995,,0.9909502882880792,1.1381700222508229,OK,HARD_CEILING_ONLY_-200,INFORMATIONAL_ONLY_NO_COMPARISON,"['phoenix_probability', 'availability', 'distribution_qa', 'history_reliability']"
2026_04_GB_TB,TB,GB,Chris Godwin Jr.,WR,receptions,under,2.5,draftkings,112.0,0.6278232076061507,-168.68951004923713,0.995,,0.9909502882880792,1.1048795718425084,OK,HARD_CEILING_ONLY_-200,INFORMATIONAL_ONLY_NO_COMPARISON,"['phoenix_probability', 'availability', 'distribution_qa', 'history_reliability']"
2026_04_DEN_SF,SF,DEN,Brock Purdy,QB,pass_completions,under,20.5,draftkings,-110.0,0.6270383469679235,-168.12407974661008,0.995,0.995,0.9909502882880792,1.1369780425388838,OK,HARD_CEILING_ONLY_-200,INFORMATIONAL_ONLY_NO_COMPARISON,"['phoenix_probability', 'availability', 'distribution_qa', 'history_reliability']"
2026_04_TEN_BAL,BAL,TEN,Lamar Jackson,QB,rush_attempts,under,6.5,draftkings,-118.0,0.625909392711695,-167.3149179683407,0.995,0.995,0.9909502882880792,1.0998244930075378,OK,HARD_CEILING_ONLY_-200,INFORMATIONAL_ONLY_NO_COMPARISON,"['phoenix_probability', 'availability', 'distribution_qa', 'history_reliability']"
2026_04_LAC_SEA,SEA,LAC,Rashid Shaheed,WR,receptions,under,2.5,draftkings,-181.0,0.6241321344914577,-166.0509428351951,0.995,,0.9909502882880792,1.102261480108503,OK,HARD_CEILING_ONLY_-200,INFORMATIONAL_ONLY_NO_COMPARISON,"['phoenix_probability', 'availability', 'distribution_qa', 'history_reliability']"
2026_04_MIA_MIN,MIA,MIN,Malik Washington,WR,receptions,under,4.5,draftkings,-122.0,0.6224631005915515,-164.87477159633156,0.995,,0.9909502882880792,1.1409985818433843,OK,HARD_CEILING_ONLY_-200,INFORMATIONAL_ONLY_NO_COMPARISON,"['phoenix_probability', 'availability', 'distribution_qa', 'history_reliability']"
2026_04_GB_TB,GB,TB,Christian Watson,WR,receptions,under,4.5,draftkings,120.0,0.6218966845151509,-164.4779770623489,0.995,,0.9909502882880792,1.1399795718425083,OK,HARD_CEILING_ONLY_-200,INFORMATIONAL_ONLY_NO_COMPARISON,"['phoenix_probability', 'availability', 'distribution_qa', 'history_reliability']"
2026_04_NE_BUF,NE,BUF,Rhamondre Stevenson,RB,receptions,under,2.5,draftkings,107.0,0.6208103423935032,-163.72027293997235,0.995,,0.9909502882880792,1.1366074583053265,OK,HARD_CEILING_ONLY_-200,INFORMATIONAL_ONLY_NO_COMPARISON,"['phoenix_probability', 'availability', 'distribution_qa', 'history_reliability']"
2026_04_KC_LV,LV,KC,Kirk Cousins,QB,pass_attempts,under,34.5,draftkings,-125.0,0.6207244234071017,-163.66053121141687,0.995,0.995,0.9909502882880792,1.1404784613019965,OK,HARD_CEILING_ONLY_-200,INFORMATIONAL_ONLY_NO_COMPARISON,"['phoenix_probability', 'availability', 'distribution_qa', 'history_reliability']"
2026_04_DAL_HOU,DAL,HOU,CeeDee Lamb,WR,receptions,under,5.5,draftkings,109.0,0.6159557058114539,-160.38663121214114,0.995,,0.9909502882880792,1.1352403660639012,OK,HARD_CEILING_ONLY_-200,INFORMATIONAL_ONLY_NO_COMPARISON,"['phoenix_probability', 'availability', 'distribution_qa', 'history_reliability']"
2026_04_TEN_BAL,BAL,TEN,Mark Andrews,TE,receptions,under,3.5,draftkings,128.0,0.6145282201974651,-159.4223630358281,0.995,,0.9909502882880792,1.1004660594407591,OK,HARD_CEILING_ONLY_-200,INFORMATIONAL_ONLY_NO_COMPARISON,"['phoenix_probability', 'availability', 'distribution_qa', 'history_reliability']"
2026_04_MIA_MIN,MIA,MIN,Malik Willis,QB,rush_attempts,under,6.5,draftkings,-119.0,0.6138605884112329,-158.9738239579092,0.995,0.995,0.9594834908647925,1.1588117946353298,OK,HARD_CEILING_ONLY_-200,INFORMATIONAL_ONLY_NO_COMPARISON,"['phoenix_probability', 'availability', 'distribution_qa', 'history_reliability']"
2026_04_LA_PHI,LA,PHI,Blake Corum,RB,rush_attempts,under,9.5,draftkings,-106.0,0.612720475498651,-158.21143043582643,0.995,,0.9909502882880792,1.1404784613019965,OK,HARD_CEILING_ONLY_-200,INFORMATIONAL_ONLY_NO_COMPARISON,"['phoenix_probability', 'availability', 'distribution_qa', 'history_reliability']"
2026_04_MIA_MIN,MIA,MIN,Greg Dulcich,TE,receiving_yards,under,30.5,draftkings,-114.0,0.6126976723561834,-158.19622775922284,0.995,,0.9909502882880792,1.1542832560868532,OK,HARD_CEILING_ONLY_-200,INFORMATIONAL_ONLY_NO_COMPARISON,"['phoenix_probability', 'availability', 'distribution_qa', 'history_reliability']"
2026_04_JAX_CIN,JAX,CIN,Trevor Lawrence,QB,pass_attempts,under,34.5,draftkings,-111.0,0.6119740566160383,-157.71472682445724,0.995,0.995,0.9909502882880792,1.1359020927648664,OK,HARD_CEILING_ONLY_-200,INFORMATIONAL_ONLY_NO_COMPARISON,"['phoenix_probability', 'availability', 'distribution_qa', 'history_reliability']"
2026_04_IND_WAS,WAS,IND,Jacory Croskey-Merritt,RB,rush_attempts,under,14.5,draftkings,100.0,0.6110477252985324,-157.10095172152663,0.995,,0.9909502882880792,1.151819730487248,OK,HARD_CEILING_ONLY_-200,INFORMATIONAL_ONLY_NO_COMPARISON,"['phoenix_probability', 'availability', 'distribution_qa', 'history_reliability']"
2026_04_GB_TB,TB,GB,Jalon Daniels,QB,pass_completions,over,17.5,draftkings,-109.0,0.609760296899731,-156.2527574860977,0.995,1.0,0.2477375720720198,1.2593752864963703,OK,HARD_CEILING_ONLY_-200,INFORMATIONAL_ONLY_NO_COMPARISON,"['phoenix_probability', 'availability', 'distribution_qa', 'history_reliability']"
2026_04_ATL_NO,NO,ATL,Tyler Shough,QB,pass_completions,over,23.5,draftkings,102.0,0.6097118711962398,-156.2209624630442,0.995,0.995,0.9269491165247148,1.160615550379705,OK,HARD_CEILING_ONLY_-200,INFORMATIONAL_ONLY_NO_COMPARISON,"['phoenix_probability', 'availability', 'distribution_qa', 'history_reliability']"
2026_04_TEN_BAL,TEN,BAL,Wan'Dale Robinson,WR,receptions,under,3.5,draftkings,124.0,0.6084614079629318,-155.4026653662091,0.995,,0.9909502882880792,1.1343203054277171,OK,HARD_CEILING_ONLY_-200,INFORMATIONAL_ONLY_NO_COMPARISON,"['phoenix_probability', 'availability', 'distribution_qa', 'history_reliability']"
2026_04_DAL_HOU,HOU,DAL,Woody Marks,RB,rushing_yards,under,34.5,draftkings,-115.0,0.6074950899358396,-154.77388291436557,0.995,,0.9909502882880792,1.1530052901403252,OK,HARD_CEILING_ONLY_-200,INFORMATIONAL_ONLY_NO_COMPARISON,"['phoenix_probability', 'availability', 'distribution_qa', 'history_reliability']"
2026_04_IND_WAS,WAS,IND,Marcus Mariota,QB,pass_completions,over,18.5,draftkings,-129.0,0.60733353580279,-154.66906170468565,0.995,0.995,0.9909502882880792,1.155666291922343,OK,HARD_CEILING_ONLY_-200,INFORMATIONAL_ONLY_NO_COMPARISON,"['phoenix_probability', 'availability', 'distribution_qa', 'history_reliability']"
2026_04_GB_TB,TB,GB,Bucky Irving,RB,receptions,under,2.5,draftkings,105.0,0.6059494607213267,-153.77455435806374,0.995,,0.9909502882880792,1.1764749610812202,OK,HARD_CEILING_ONLY_-200,INFORMATIONAL_ONLY_NO_COMPARISON,"['phoenix_probability', 'availability', 'distribution_qa', 'history_reliability']"
2026_04_JAX_CIN,CIN,JAX,Joe Burrow,QB,passing_yards,under,267.5,draftkings,-112.0,0.604518165989045,-152.8561147444005,0.995,0.995,0.9909502882880792,1.139039988472449,OK,HARD_CEILING_ONLY_-200,INFORMATIONAL_ONLY_NO_COMPARISON,"['phoenix_probability', 'availability', 'distribution_qa', 'history_reliability']"
2026_04_DAL_HOU,HOU,DAL,Xavier Hutchinson,WR,receptions,under,2.5,draftkings,-103.0,0.6035466802068086,-152.23650555420917,0.995,,0.9909502882880792,1.136249024989407,OK,HARD_CEILING_ONLY_-200,INFORMATIONAL_ONLY_NO_COMPARISON,"['phoenix_probability', 'availability', 'distribution_qa', 'history_reliability']"
2026_04_GB_TB,TB,GB,Emeka Egbuka,WR,receptions,under,3.5,draftkings,-131.0,0.6033596973442139,-152.1175970531224,0.995,,0.9909502882880792,1.151819730487248,OK,HARD_CEILING_ONLY_-200,INFORMATIONAL_ONLY_NO_COMPARISON,"['phoenix_probability', 'availability', 'distribution_qa', 'history_reliability']"
2026_04_NYJ_CHI,NYJ,CHI,Isaiah Williams,WR,receptions,under,2.5,draftkings,-113.0,0.6021121760375419,-151.32711778944832,0.995,,0.9909502882880792,1.1461508143759025,OK,HARD_CEILING_ONLY_-200,INFORMATIONAL_ONLY_NO_COMPARISON,"['phoenix_probability', 'availability', 'distribution_qa', 'history_reliability']"
2026_04_DEN_SF,DEN,SF,J.K. Dobbins,RB,rush_attempts,under,13.5,draftkings,-115.0,0.6016336820356801,-151.02523855683154,0.995,,0.9909502882880792,1.1102878866663448,OK,HARD_CEILING_ONLY_-200,INFORMATIONAL_ONLY_NO_COMPARISON,"['phoenix_probability', 'availability', 'distribution_qa', 'history_reliability']"
2026_04_LAC_SEA,LAC,SEA,Justin Herbert,QB,rush_attempts,under,4.5,draftkings,-116.0,0.6009423549337055,-150.59036266148277,0.995,0.995,0.9909502882880792,1.134924493007538,OK,HARD_CEILING_ONLY_-200,INFORMATIONAL_ONLY_NO_COMPARISON,"['phoenix_probability', 'availability', 'distribution_qa', 'history_reliability']"
2026_04_NYJ_CHI,CHI,NYJ,Kyle Monangai,RB,rush_attempts,under,9.5,draftkings,-108.0,0.5994776817244403,-149.67397679746753,0.995,,0.9909502882880792,1.151819730487248,OK,HARD_CEILING_ONLY_-200,INFORMATIONAL_ONLY_NO_COMPARISON,"['phoenix_probability', 'availability', 'distribution_qa', 'history_reliability']"
2026_04_TEN_BAL,TEN,BAL,Gunnar Helm,TE,receptions,under,2.5,draftkings,110.0,0.5991901615423121,-149.49487364082418,0.995,,0.9909502882880792,1.1530052901403252,OK,HARD_CEILING_ONLY_-200,INFORMATIONAL_ONLY_NO_COMPARISON,"['phoenix_probability', 'availability', 'distribution_qa', 'history_reliability']"
2026_04_LA_PHI,LA,PHI,Matthew Stafford,QB,pass_attempts,under,34.5,draftkings,-116.0,0.5976781392619637,-148.55721192121092,0.995,0.995,0.9909502882880792,1.1343203054277171,OK,HARD_CEILING_ONLY_-200,INFORMATIONAL_ONLY_NO_COMPARISON,"['phoenix_probability', 'availability', 'distribution_qa', 'history_reliability']"
2026_04_KC_LV,LV,KC,Mike Washington Jr.,RB,rush_attempts,under,4.5,draftkings,-108.0,0.5973750355762384,-148.37009335255797,0.995,,0.4290940617724949,1.21381179463533,OK,HARD_CEILING_ONLY_-200,INFORMATIONAL_ONLY_NO_COMPARISON,"['phoenix_probability', 'availability', 'distribution_qa', 'history_reliability']"
2026_04_NYJ_CHI,CHI,NYJ,Rome Odunze,WR,receptions,under,2.5,draftkings,-105.0,0.5972030974523697,-148.2640739477263,0.995,,0.9909502882880792,1.142108878945583,OK,HARD_CEILING_ONLY_-200,INFORMATIONAL_ONLY_NO_COMPARISON,"['phoenix_probability', 'availability', 'distribution_qa', 'history_reliability']"
2026_04_MIA_MIN,MIN,MIA,Aaron Jones,RB,rush_attempts,under,16.5,draftkings,-110.0,0.5965415650823178,-147.85700668373198,0.995,,0.9909502882880792,1.1701280425388836,OK,HARD_CEILING_ONLY_-200,INFORMATIONAL_ONLY_NO_COMPARISON,"['phoenix_probability', 'availability', 'distribution_qa', 'history_reliability']"
2026_04_ARI_NYG,ARI,NYG,Trey McBride,TE,receptions,under,6.5,draftkings,102.0,0.5958922377756178,-147.45874577998003,0.995,,0.9909502882880792,1.1337500026026797,OK,HARD_CEILING_ONLY_-200,INFORMATIONAL_ONLY_NO_COMPARISON,"['phoenix_probability', 'availability', 'distribution_qa', 'history_reliability']"
2026_04_IND_WAS,IND,WAS,Jonathan Taylor,RB,receptions,under,2.5,draftkings,113.0,0.5945451318703914,-146.63657501834157,0.995,,0.9909502882880792,1.1015074583053266,OK,HARD_CEILING_ONLY_-200,INFORMATIONAL_ONLY_NO_COMPARISON,"['phoenix_probability', 'availability', 'distribution_qa', 'history_reliability']"
2026_04_JAX_CIN,CIN,JAX,Mike Gesicki,TE,receptions,under,2.5,draftkings,-108.0,0.593719211135468,-146.13519206625207,0.995,,0.9909502882880792,1.136249024989407,OK,HARD_CEILING_ONLY_-200,INFORMATIONAL_ONLY_NO_COMPARISON,"['phoenix_probability', 'availability', 'distribution_qa', 'history_reliability']"
2026_04_NE_BUF,BUF,NE,Josh Allen,QB,rush_attempts,under,7.5,draftkings,113.0,0.5919304890933965,-145.05628900779948,0.995,0.995,0.9909502882880792,1.1340311187040413,OK,HARD_CEILING_ONLY_-200,INFORMATIONAL_ONLY_NO_COMPARISON,"['phoenix_probability', 'availability', 'distribution_qa', 'history_reliability']"
2026_04_KC_LV,KC,LV,Kenneth Walker III,RB,receptions,under,2.5,draftkings,131.0,0.5918256515002288,-144.99334749365337,0.995,,0.9909502882880792,1.1359020927648664,OK,HARD_CEILING_ONLY_-200,INFORMATIONAL_ONLY_NO_COMPARISON,"['phoenix_probability', 'availability', 'distribution_qa', 'history_reliability']"
2026_04_NYJ_CHI,CHI,NYJ,Kalif Raymond,WR,receptions,under,3.5,draftkings,-142.0,0.590444481474588,-144.16714090447596,0.995,,0.9909502882880792,1.135566059440759,OK,HARD_CEILING_ONLY_-200,INFORMATIONAL_ONLY_NO_COMPARISON,"['phoenix_probability', 'availability', 'distribution_qa', 'history_reliability']"
2026_04_DET_CAR,CAR,DET,Bryce Young,QB,pass_completions,over,21.5,draftkings,-110.0,0.588962730966155,-143.28694143733705,0.995,0.995,0.9909502882880792,1.0998244930075378,OK,HARD_CEILING_ONLY_-200,INFORMATIONAL_ONLY_NO_COMPARISON,"['phoenix_probability', 'availability', 'distribution_qa', 'history_reliability']"
2026_04_DET_CAR,DET,CAR,Jared Goff,QB,pass_completions,under,23.5,draftkings,-109.0,0.5887583290887304,-143.16601909142668,0.995,0.995,0.9909502882880792,1.1334765885837126,OK,HARD_CEILING_ONLY_-200,INFORMATIONAL_ONLY_NO_COMPARISON,"['phoenix_probability', 'availability', 'distribution_qa', 'history_reliability']"
2026_04_ARI_NYG,NYG,ARI,Isaiah Likely,TE,receptions,under,3.5,draftkings,127.0,0.5885589377541355,-143.04817670396514,0.995,,0.9909502882880792,1.1366074583053265,OK,HARD_CEILING_ONLY_-200,INFORMATIONAL_ONLY_NO_COMPARISON,"['phoenix_probability', 'availability', 'distribution_qa', 'history_reliability']"
2026_04_MIA_MIN,MIN,MIA,Kyler Murray,QB,pass_attempts,over,28.5,draftkings,-122.0,0.5883465698164755,-142.9227905508226,0.995,0.995,0.9909502882880792,1.142108878945583,OK,HARD_CEILING_ONLY_-200,INFORMATIONAL_ONLY_NO_COMPARISON,"['phoenix_probability', 'availability', 'distribution_qa', 'history_reliability']"
2026_04_DAL_HOU,DAL,HOU,George Pickens,WR,receptions,under,4.5,draftkings,105.0,0.5880550737830226,-142.75089614121995,0.995,,0.9909502882880792,1.1343203054277171,OK,HARD_CEILING_ONLY_-200,INFORMATIONAL_ONLY_NO_COMPARISON,"['phoenix_probability', 'availability', 'distribution_qa', 'history_reliability']"
2026_04_ATL_NO,NO,ATL,Chris Olave,WR,receptions,under,6.5,draftkings,111.0,0.5853231480977784,-141.15163299151172,0.995,,0.9909502882880792,1.1369780425388838,OK,HARD_CEILING_ONLY_-200,INFORMATIONAL_ONLY_NO_COMPARISON,"['phoenix_probability', 'availability', 'distribution_qa', 'history_reliability']"
2026_04_MIA_MIN,MIA,MIN,Malik Washington,WR,receiving_yards,under,40.5,draftkings,-111.0,0.5845978238432596,-140.73056363158724,0.995,,0.9909502882880792,1.1409985818433843,OK,HARD_CEILING_ONLY_-200,INFORMATIONAL_ONLY_NO_COMPARISON,"['phoenix_probability', 'availability', 'distribution_qa', 'history_reliability']"
2026_04_ATL_NO,ATL,NO,Michael Penix Jr.,QB,pass_attempts,under,30.5,draftkings,-115.0,0.5821526950883349,-139.3218738628468,0.995,0.995,0.9594834908647925,1.1588117946353298,OK,HARD_CEILING_ONLY_-200,INFORMATIONAL_ONLY_NO_COMPARISON,"['phoenix_probability', 'availability', 'distribution_qa', 'history_reliability']"
2026_04_JAX_CIN,CIN,JAX,Chase Brown,RB,rush_attempts,under,16.5,draftkings,-124.0,0.5817407382512364,-139.08615814481868,0.995,,0.9909502882880792,1.1352403660639012,OK,HARD_CEILING_ONLY_-200,INFORMATIONAL_ONLY_NO_COMPARISON,"['phoenix_probability', 'availability', 'distribution_qa', 'history_reliability']"
2026_04_JAX_CIN,JAX,CIN,Bhayshul Tuten,RB,rushing_yards,under,55.5,draftkings,-114.0,0.5812229054271287,-138.79051957699428,0.995,,0.9909502882880792,1.1542832560868532,OK,HARD_CEILING_ONLY_-200,INFORMATIONAL_ONLY_NO_COMPARISON,"['phoenix_probability', 'availability', 'distribution_qa', 'history_reliability']"
2026_04_LA_PHI,PHI,LA,Saquon Barkley,RB,receptions,under,2.5,draftkings,-159.0,0.5807124702663118,-138.4998191181963,0.995,,0.9909502882880792,1.134924493007538,OK,HARD_CEILING_ONLY_-200,INFORMATIONAL_ONLY_NO_COMPARISON,"['phoenix_probability', 'availability', 'distribution_qa', 'history_reliability']"
2026_04_DEN_SF,SF,DEN,Christian McCaffrey,RB,rush_attempts,under,15.5,draftkings,-101.0,0.5797566210639797,-137.9573480804904,0.995,,0.9909502882880792,1.1381700222508229,OK,HARD_CEILING_ONLY_-200,INFORMATIONAL_ONLY_NO_COMPARISON,"['phoenix_probability', 'availability', 'distribution_qa', 'history_reliability']"
2026_04_JAX_CIN,CIN,JAX,Joe Burrow,QB,pass_completions,under,24.5,draftkings,-109.0,0.5773758380865026,-136.61685490776077,0.995,0.995,0.9909502882880792,1.139039988472449,OK,HARD_CEILING_ONLY_-200,INFORMATIONAL_ONLY_NO_COMPARISON,"['phoenix_probability', 'availability', 'distribution_qa', 'history_reliability']"
2026_04_DAL_HOU,HOU,DAL,C.J. Stroud,QB,pass_completions,over,21.5,draftkings,-110.0,0.5757230919684667,-135.69512765603486,0.995,0.995,0.9909502882880792,1.134924493007538,OK,HARD_CEILING_ONLY_-200,INFORMATIONAL_ONLY_NO_COMPARISON,"['phoenix_probability', 'availability', 'distribution_qa', 'history_reliability']"
2026_04_ATL_NO,ATL,NO,Michael Penix Jr.,QB,pass_completions,under,20.5,draftkings,-106.0,0.5749107918347584,-135.2447394080345,0.995,0.995,0.9594834908647925,1.1588117946353298,OK,HARD_CEILING_ONLY_-200,INFORMATIONAL_ONLY_NO_COMPARISON,"['phoenix_probability', 'availability', 'distribution_qa', 'history_reliability']"
2026_04_ARI_NYG,ARI,NYG,Michael Wilson,WR,receptions,under,4.5,draftkings,122.0,0.5734418767033547,-134.43463982622612,0.995,,0.9909502882880792,1.134924493007538,OK,HARD_CEILING_ONLY_-200,INFORMATIONAL_ONLY_NO_COMPARISON,"['phoenix_probability', 'availability', 'distribution_qa', 'history_reliability']"
2026_04_TEN_BAL,BAL,TEN,Derrick Henry,RB,rush_attempts,under,21.5,draftkings,-133.0,0.5706556808684149,-132.91329486381787,0.995,,0.9909502882880792,1.1334765885837126,OK,HARD_CEILING_ONLY_-200,INFORMATIONAL_ONLY_NO_COMPARISON,"['phoenix_probability', 'availability', 'distribution_qa', 'history_reliability']"
2026_04_ARI_NYG,NYG,ARI,Jameis Winston,QB,pass_completions,over,18.5,draftkings,-108.0,0.5684083199837175,-131.7004813351067,0.995,0.995,0.9909502882880792,1.149684965727886,OK,HARD_CEILING_ONLY_-200,INFORMATIONAL_ONLY_NO_COMPARISON,"['phoenix_probability', 'availability', 'distribution_qa', 'history_reliability']"
2026_04_NE_BUF,NE,BUF,Drake Maye,QB,pass_attempts,over,30.5,draftkings,-112.0,0.5655591507512598,-130.18093296918485,0.995,0.995,0.9909502882880792,1.1064414833666816,OK,HARD_CEILING_ONLY_-200,INFORMATIONAL_ONLY_NO_COMPARISON,"['phoenix_probability', 'availability', 'distribution_qa', 'history_reliability']"
2026_04_ARI_NYG,NYG,ARI,Jameis Winston,QB,pass_attempts,over,30.5,draftkings,-110.0,0.5649434278473675,-129.85516459435678,0.995,0.995,0.9909502882880792,1.149684965727886,OK,HARD_CEILING_ONLY_-200,INFORMATIONAL_ONLY_NO_COMPARISON,"['phoenix_probability', 'availability', 'distribution_qa', 'history_reliability']"
2026_04_IND_WAS,WAS,IND,Marcus Mariota,QB,pass_attempts,over,30.5,draftkings,-120.0,0.5641185343679882,-129.42017012584773,0.995,0.995,0.9909502882880792,1.155666291922343,OK,HARD_CEILING_ONLY_-200,INFORMATIONAL_ONLY_NO_COMPARISON,"['phoenix_probability', 'availability', 'distribution_qa', 'history_reliability']"
2026_04_DET_CAR,CAR,DET,Bryce Young,QB,pass_attempts,over,35.5,draftkings,-103.0,0.5608739417131173,-127.72504184816478,0.995,0.995,0.9909502882880792,1.0998244930075378,OK,HARD_CEILING_ONLY_-200,INFORMATIONAL_ONLY_NO_COMPARISON,"['phoenix_probability', 'availability', 'distribution_qa', 'history_reliability']"
2026_04_KC_LV,KC,LV,Kenneth Walker III,RB,rushing_yards,under,85.5,draftkings,-113.0,0.5589608965180495,-126.73726481509703,0.995,,0.9909502882880792,1.1359020927648664,OK,HARD_CEILING_ONLY_-200,INFORMATIONAL_ONLY_NO_COMPARISON,"['phoenix_probability', 'availability', 'distribution_qa', 'history_reliability']"
2026_04_NE_BUF,BUF,NE,James Cook,RB,rushing_yards,under,87.5,draftkings,-111.0,0.5577389797067245,-126.11081558507516,0.995,,0.9909502882880792,1.1337500026026797,OK,HARD_CEILING_ONLY_-200,INFORMATIONAL_ONLY_NO_COMPARISON,"['phoenix_probability', 'availability', 'distribution_qa', 'history_reliability']"
2026_04_DEN_SF,SF,DEN,Brock Purdy,QB,pass_attempts,under,31.5,draftkings,-119.0,0.5568989814010075,-125.68217133912805,0.995,0.995,0.9909502882880792,1.1369780425388838,OK,HARD_CEILING_ONLY_-200,INFORMATIONAL_ONLY_NO_COMPARISON,"['phoenix_probability', 'availability', 'distribution_qa', 'history_reliability']"
2026_04_KC_LV,LV,KC,Michael Mayer,TE,receptions,under,2.5,draftkings,101.0,0.555906213011724,-125.17766050764406,0.995,,0.9909502882880792,1.1381700222508229,OK,HARD_CEILING_ONLY_-200,INFORMATIONAL_ONLY_NO_COMPARISON,"['phoenix_probability', 'availability', 'distribution_qa', 'history_reliability']"
2026_04_TEN_BAL,TEN,BAL,Cam Ward,QB,pass_attempts,under,33.5,draftkings,-114.0,0.5558530562697647,-125.15071061873095,0.995,0.995,0.9909502882880792,1.151819730487248,OK,HARD_CEILING_ONLY_-200,INFORMATIONAL_ONLY_NO_COMPARISON,"['phoenix_probability', 'availability', 'distribution_qa', 'history_reliability']"
2026_04_LA_PHI,PHI,LA,Jalen Hurts,QB,pass_completions,over,17.5,draftkings,-112.0,0.5552558220644662,-124.84836218473248,0.995,0.995,0.9909502882880792,1.1343203054277171,OK,HARD_CEILING_ONLY_-200,INFORMATIONAL_ONLY_NO_COMPARISON,"['phoenix_probability', 'availability', 'distribution_qa', 'history_reliability']"
2026_04_NE_BUF,BUF,NE,Josh Allen,QB,pass_completions,under,20.5,draftkings,-118.0,0.5547104277861201,-124.57296608771328,0.995,0.995,0.9909502882880792,1.1340311187040413,OK,HARD_CEILING_ONLY_-200,INFORMATIONAL_ONLY_NO_COMPARISON,"['phoenix_probability', 'availability', 'distribution_qa', 'history_reliability']"
2026_04_LAC_SEA,LAC,SEA,Justin Herbert,QB,pass_attempts,over,29.5,draftkings,-119.0,0.5544152887425734,-124.42421715458552,0.995,0.995,0.9909502882880792,1.134924493007538,OK,HARD_CEILING_ONLY_-200,INFORMATIONAL_ONLY_NO_COMPARISON,"['phoenix_probability', 'availability', 'distribution_qa', 'history_reliability']"
2026_04_KC_LV,KC,LV,Patrick Mahomes,QB,pass_completions,over,20.5,draftkings,-126.0,0.5520421030085887,-123.23526534887117,0.995,0.995,0.9909502882880792,1.0998244930075378,OK,HARD_CEILING_ONLY_-200,INFORMATIONAL_ONLY_NO_COMPARISON,"['phoenix_probability', 'availability', 'distribution_qa', 'history_reliability']"
2026_04_NE_BUF,NE,BUF,Rhamondre Stevenson,RB,rush_attempts,under,8.5,draftkings,-110.0,0.5511143074688344,-122.77386351104768,0.995,,0.9909502882880792,1.1366074583053265,OK,HARD_CEILING_ONLY_-200,INFORMATIONAL_ONLY_NO_COMPARISON,"['phoenix_probability', 'availability', 'distribution_qa', 'history_reliability']"
2026_04_NE_BUF,NE,BUF,TreVeyon Henderson,RB,rush_attempts,under,9.5,draftkings,-118.0,0.5489896888140527,-121.72442075004123,0.995,,0.9909502882880792,1.1530052901403252,OK,HARD_CEILING_ONLY_-200,INFORMATIONAL_ONLY_NO_COMPARISON,"['phoenix_probability', 'availability', 'distribution_qa', 'history_reliability']"
2026_04_TEN_BAL,TEN,BAL,Tony Pollard,RB,rushing_yards,under,47.5,draftkings,-113.0,0.5485876180397142,-121.5269319059081,0.995,,0.9909502882880792,1.0986500026026798,OK,HARD_CEILING_ONLY_-200,INFORMATIONAL_ONLY_NO_COMPARISON,"['phoenix_probability', 'availability', 'distribution_qa', 'history_reliability']"
2026_04_ARI_NYG,ARI,NYG,Jacoby Brissett,QB,pass_attempts,over,34.5,draftkings,-111.0,0.548334068741495,-121.40257451201546,0.995,0.995,0.9909502882880792,1.1461508143759025,OK,HARD_CEILING_ONLY_-200,INFORMATIONAL_ONLY_NO_COMPARISON,"['phoenix_probability', 'availability', 'distribution_qa', 'history_reliability']"
2026_04_DAL_HOU,DAL,HOU,Dak Prescott,QB,pass_completions,under,24.5,draftkings,-115.0,0.5478254429488545,-121.15353117643237,0.995,0.995,0.9909502882880792,1.136249024989407,OK,HARD_CEILING_ONLY_-200,INFORMATIONAL_ONLY_NO_COMPARISON,"['phoenix_probability', 'availability', 'distribution_qa', 'history_reliability']"
2026_04_DEN_SF,DEN,SF,Bo Nix,QB,pass_attempts,under,34.5,draftkings,-106.0,0.5467572033135399,-120.63229847462316,0.995,0.995,0.9909502882880792,1.1395005072840976,OK,HARD_CEILING_ONLY_-200,INFORMATIONAL_ONLY_NO_COMPARISON,"['phoenix_probability', 'availability', 'distribution_qa', 'history_reliability']"
2026_04_KC_LV,LV,KC,Ashton Jeanty,RB,rush_attempts,under,16.5,draftkings,-108.0,0.5447284738304123,-119.64914177995443,0.995,,0.9909502882880792,1.116719730487248,OK,HARD_CEILING_ONLY_-200,INFORMATIONAL_ONLY_NO_COMPARISON,"['phoenix_probability', 'availability', 'distribution_qa', 'history_reliability']"
2026_04_DET_CAR,CAR,DET,Tommy Tremble,TE,receptions,over,1.5,draftkings,-153.0,0.5440255085816947,-119.3105138161364,0.995,,0.9909502882880792,1.1369780425388838,OK,HARD_CEILING_ONLY_-200,INFORMATIONAL_ONLY_NO_COMPARISON,"['phoenix_probability', 'availability', 'distribution_qa', 'history_reliability']"
2026_04_ATL_NO,ATL,NO,Bijan Robinson,RB,rush_attempts,under,19.5,draftkings,-113.0,0.543401570036042,-119.01082754028212,0.995,,0.9909502882880792,1.1334765885837126,OK,HARD_CEILING_ONLY_-200,INFORMATIONAL_ONLY_NO_COMPARISON,"['phoenix_probability', 'availability', 'distribution_qa', 'history_reliability']"
2026_04_DAL_HOU,DAL,HOU,Dak Prescott,QB,pass_attempts,over,35.5,draftkings,-109.0,0.5431393034575484,-118.88510164434328,0.995,0.995,0.9909502882880792,1.136249024989407,OK,HARD_CEILING_ONLY_-200,INFORMATIONAL_ONLY_NO_COMPARISON,"['phoenix_probability', 'availability', 'distribution_qa', 'history_reliability']"
2026_04_TEN_BAL,BAL,TEN,Lamar Jackson,QB,pass_attempts,over,26.5,draftkings,-117.0,0.5418023202322557,-118.24641288163872,0.995,0.995,0.9909502882880792,1.0998244930075378,OK,HARD_CEILING_ONLY_-200,INFORMATIONAL_ONLY_NO_COMPARISON,"['phoenix_probability', 'availability', 'distribution_qa', 'history_reliability']"
2026_04_TEN_BAL,TEN,BAL,Cam Ward,QB,pass_completions,over,19.5,draftkings,-109.0,0.5413381004924819,-118.02552186561304,0.995,0.995,0.9909502882880792,1.151819730487248,OK,HARD_CEILING_ONLY_-200,INFORMATIONAL_ONLY_NO_COMPARISON,"['phoenix_probability', 'availability', 'distribution_qa', 'history_reliability']"
2026_04_TEN_BAL,TEN,BAL,Tony Pollard,RB,rush_attempts,under,12.5,draftkings,-115.0,0.5408601779486788,-117.79857724652408,0.995,,0.9909502882880792,1.0986500026026798,OK,HARD_CEILING_ONLY_-200,INFORMATIONAL_ONLY_NO_COMPARISON,"['phoenix_probability', 'availability', 'distribution_qa', 'history_reliability']"
2026_04_NYJ_CHI,CHI,NYJ,D'Andre Swift,RB,rush_attempts,over,14.5,draftkings,-132.0,0.5398158534468684,-117.3043133906706,0.995,,0.9909502882880792,1.1340311187040413,OK,HARD_CEILING_ONLY_-200,INFORMATIONAL_ONLY_NO_COMPARISON,"['phoenix_probability', 'availability', 'distribution_qa', 'history_reliability']"
2026_04_KC_LV,KC,LV,Kenneth Walker III,RB,rush_attempts,over,17.5,draftkings,-127.0,0.5385621871843863,-116.71392595638686,0.995,,0.9909502882880792,1.1359020927648664,OK,HARD_CEILING_ONLY_-200,INFORMATIONAL_ONLY_NO_COMPARISON,"['phoenix_probability', 'availability', 'distribution_qa', 'history_reliability']"
2026_04_JAX_CIN,JAX,CIN,Bhayshul Tuten,RB,rush_attempts,under,12.5,draftkings,-104.0,0.538118299953216,-116.50565499752643,0.995,,0.9909502882880792,1.1542832560868532,OK,HARD_CEILING_ONLY_-200,INFORMATIONAL_ONLY_NO_COMPARISON,"['phoenix_probability', 'availability', 'distribution_qa', 'history_reliability']"
2026_04_LA_PHI,LA,PHI,Kyren Williams,RB,rush_attempts,over,13.5,draftkings,-116.0,0.5368138844359641,-115.89593608225267,0.995,,0.9909502882880792,1.1352403660639012,OK,HARD_CEILING_ONLY_-200,INFORMATIONAL_ONLY_NO_COMPARISON,"['phoenix_probability', 'availability', 'distribution_qa', 'history_reliability']"
2026_04_GB_TB,TB,GB,Bucky Irving,RB,rush_attempts,over,13.5,draftkings,-130.0,0.5365940540178604,-115.79351941214446,0.995,,0.9909502882880792,1.1764749610812202,OK,HARD_CEILING_ONLY_-200,INFORMATIONAL_ONLY_NO_COMPARISON,"['phoenix_probability', 'availability', 'distribution_qa', 'history_reliability']"
2026_04_DET_CAR,CAR,DET,Chuba Hubbard,RB,receptions,under,2.5,draftkings,129.0,0.5362695915936853,-115.64253322025252,0.995,,0.9909502882880792,1.099517956483946,OK,HARD_CEILING_ONLY_-200,INFORMATIONAL_ONLY_NO_COMPARISON,"['phoenix_probability', 'availability', 'distribution_qa', 'history_reliability']"
2026_04_NE_BUF,BUF,NE,Josh Allen,QB,pass_attempts,over,28.5,draftkings,-128.0,0.5318754153211744,-113.61834706589649,0.995,0.995,0.9909502882880792,1.1340311187040413,OK,HARD_CEILING_ONLY_-200,INFORMATIONAL_ONLY_NO_COMPARISON,"['phoenix_probability', 'availability', 'distribution_qa', 'history_reliability']"
2026_04_LA_PHI,PHI,LA,Jalen Hurts,QB,pass_attempts,over,29.5,draftkings,-117.0,0.5316669104328278,-113.52324281083531,0.995,0.995,0.9909502882880792,1.1343203054277171,OK,HARD_CEILING_ONLY_-200,INFORMATIONAL_ONLY_NO_COMPARISON,"['phoenix_probability', 'availability', 'distribution_qa', 'history_reliability']"
2026_04_NYJ_CHI,NYJ,CHI,Geno Smith,QB,pass_attempts,over,31.5,draftkings,-122.0,0.5316428787421843,-113.51228680251704,0.995,0.995,0.9909502882880792,1.134617956483946,OK,HARD_CEILING_ONLY_-200,INFORMATIONAL_ONLY_NO_COMPARISON,"['phoenix_probability', 'availability', 'distribution_qa', 'history_reliability']"
2026_04_DEN_SF,DEN,SF,Bo Nix,QB,pass_completions,under,21.5,draftkings,103.0,0.5299558302825762,-112.7459639806126,0.995,0.995,0.9909502882880792,1.1395005072840976,OK,HARD_CEILING_ONLY_-200,INFORMATIONAL_ONLY_NO_COMPARISON,"['phoenix_probability', 'availability', 'distribution_qa', 'history_reliability']"
2026_04_NE_BUF,NE,BUF,Drake Maye,QB,pass_completions,under,20.5,draftkings,-120.0,0.5294648667812674,-112.52398161204697,0.995,0.995,0.9909502882880792,1.1064414833666816,OK,HARD_CEILING_ONLY_-200,INFORMATIONAL_ONLY_NO_COMPARISON,"['phoenix_probability', 'availability', 'distribution_qa', 'history_reliability']"
2026_04_NE_BUF,BUF,NE,James Cook,RB,rush_attempts,over,17.5,draftkings,-115.0,0.5279574889958238,-111.84532678480583,0.995,,0.9909502882880792,1.1337500026026797,OK,HARD_CEILING_ONLY_-200,INFORMATIONAL_ONLY_NO_COMPARISON,"['phoenix_probability', 'availability', 'distribution_qa', 'history_reliability']"
2026_04_KC_LV,LV,KC,Kirk Cousins,QB,pass_completions,under,21.5,draftkings,100.0,0.5243167902632484,-110.22394306358032,0.995,0.995,0.9909502882880792,1.1404784613019965,OK,HARD_CEILING_ONLY_-200,INFORMATIONAL_ONLY_NO_COMPARISON,"['phoenix_probability', 'availability', 'distribution_qa', 'history_reliability']"
2026_04_NYJ_CHI,NYJ,CHI,Geno Smith,QB,passing_yards,over,228.5,draftkings,-112.0,0.5196563337098355,-108.18427933552124,0.995,0.995,0.9909502882880792,1.134617956483946,OK,HARD_CEILING_ONLY_-200,INFORMATIONAL_ONLY_NO_COMPARISON,"['phoenix_probability', 'availability', 'distribution_qa', 'history_reliability']"
2026_04_JAX_CIN,JAX,CIN,Trevor Lawrence,QB,pass_completions,under,21.5,draftkings,-110.0,0.5194838394419625,-108.10954595963447,0.995,0.995,0.9909502882880792,1.1359020927648664,OK,HARD_CEILING_ONLY_-200,INFORMATIONAL_ONLY_NO_COMPARISON,"['phoenix_probability', 'availability', 'distribution_qa', 'history_reliability']"
2026_04_ARI_NYG,ARI,NYG,Jacoby Brissett,QB,pass_completions,over,23.5,draftkings,100.0,0.5173945286462391,-107.2085915633926,0.995,0.995,0.9909502882880792,1.1461508143759025,OK,HARD_CEILING_ONLY_-200,INFORMATIONAL_ONLY_NO_COMPARISON,"['phoenix_probability', 'availability', 'distribution_qa', 'history_reliability']"
2026_04_MIA_MIN,MIA,MIN,Greg Dulcich,TE,receptions,under,2.5,draftkings,128.0,0.5172733232692255,-107.15656461590548,0.995,,0.9909502882880792,1.1542832560868532,OK,HARD_CEILING_ONLY_-200,INFORMATIONAL_ONLY_NO_COMPARISON,"['phoenix_probability', 'availability', 'distribution_qa', 'history_reliability']"
2026_04_GB_TB,TB,GB,Cade Otton,TE,receptions,over,2.5,draftkings,-161.0,0.517077390231413,-107.07251633531772,0.995,,0.9909502882880792,1.134924493007538,OK,HARD_CEILING_ONLY_-200,INFORMATIONAL_ONLY_NO_COMPARISON,"['phoenix_probability', 'availability', 'distribution_qa', 'history_reliability']"
2026_04_LAC_SEA,SEA,LAC,Sam Darnold,QB,pass_completions,under,21.5,draftkings,-127.0,0.5165215585206239,-106.83445510830649,0.995,0.995,0.9909502882880792,1.1359020927648664,OK,HARD_CEILING_ONLY_-200,INFORMATIONAL_ONLY_NO_COMPARISON,"['phoenix_probability', 'availability', 'distribution_qa', 'history_reliability']"
2026_04_JAX_CIN,CIN,JAX,Joe Burrow,QB,pass_attempts,under,35.5,draftkings,-110.0,0.5160830771281195,-106.6470405840209,0.995,0.995,0.9909502882880792,1.139039988472449,OK,HARD_CEILING_ONLY_-200,INFORMATIONAL_ONLY_NO_COMPARISON,"['phoenix_probability', 'availability', 'distribution_qa', 'history_reliability']"
2026_04_MIA_MIN,MIN,MIA,Kyler Murray,QB,pass_completions,over,19.5,draftkings,-118.0,0.5142526471018596,-105.86833752847988,0.995,0.995,0.9909502882880792,1.142108878945583,OK,HARD_CEILING_ONLY_-200,INFORMATIONAL_ONLY_NO_COMPARISON,"['phoenix_probability', 'availability', 'distribution_qa', 'history_reliability']"
2026_04_ATL_NO,NO,ATL,Juwan Johnson,TE,receptions,under,3.5,draftkings,-116.0,0.5141245016888253,-105.81404155505672,0.995,,0.9909502882880792,1.1352403660639012,OK,HARD_CEILING_ONLY_-200,INFORMATIONAL_ONLY_NO_COMPARISON,"['phoenix_probability', 'availability', 'distribution_qa', 'history_reliability']"
2026_04_LA_PHI,LA,PHI,Matthew Stafford,QB,pass_completions,under,20.5,draftkings,106.0,0.5093444490329258,-103.80896497125448,0.995,0.995,0.9909502882880792,1.1343203054277171,OK,HARD_CEILING_ONLY_-200,INFORMATIONAL_ONLY_NO_COMPARISON,"['phoenix_probability', 'availability', 'distribution_qa', 'history_reliability']"
2026_04_DET_CAR,DET,CAR,Jahmyr Gibbs,RB,rush_attempts,over,19.5,draftkings,-114.0,0.5089413270893272,-103.64165326164748,0.995,,0.9909502882880792,1.1340311187040413,OK,HARD_CEILING_ONLY_-200,INFORMATIONAL_ONLY_NO_COMPARISON,"['phoenix_probability', 'availability', 'distribution_qa', 'history_reliability']"
2026_04_TEN_BAL,BAL,TEN,Lamar Jackson,QB,pass_completions,over,18.5,draftkings,-103.0,0.5086074780443103,-103.50330037992984,0.995,0.995,0.9909502882880792,1.0998244930075378,OK,HARD_CEILING_ONLY_-200,INFORMATIONAL_ONLY_NO_COMPARISON,"['phoenix_probability', 'availability', 'distribution_qa', 'history_reliability']"
2026_04_NE_BUF,BUF,NE,Ty Johnson,RB,receptions,over,1.5,draftkings,-135.0,0.5065030083192675,-102.63548043003053,0.995,,0.9909502882880792,1.1366074583053265,OK,HARD_CEILING_ONLY_-200,INFORMATIONAL_ONLY_NO_COMPARISON,"['phoenix_probability', 'availability', 'distribution_qa', 'history_reliability']"
2026_04_NYJ_CHI,NYJ,CHI,Geno Smith,QB,pass_completions,under,21.5,draftkings,-120.0,0.5062012509595897,-102.51165114194414,0.995,0.995,0.9909502882880792,1.134617956483946,OK,HARD_CEILING_ONLY_-200,INFORMATIONAL_ONLY_NO_COMPARISON,"['phoenix_probability', 'availability', 'distribution_qa', 'history_reliability']"
2026_04_MIA_MIN,MIA,MIN,Ollie Gordon II,RB,rush_attempts,under,6.5,draftkings,106.0,0.5054357518505571,-102.19819846294855,0.995,,0.9909502882880792,1.1530052901403252,OK,HARD_CEILING_ONLY_-200,INFORMATIONAL_ONLY_NO_COMPARISON,"['phoenix_probability', 'availability', 'distribution_qa', 'history_reliability']"
2026_04_JAX_CIN,JAX,CIN,Chris Rodriguez Jr.,RB,rushing_yards,under,19.5,draftkings,-111.0,0.5046255423340303,-101.86749327198834,0.995,,0.9909502882880792,1.14270266760059,OK,HARD_CEILING_ONLY_-200,INFORMATIONAL_ONLY_NO_COMPARISON,"['phoenix_probability', 'availability', 'distribution_qa', 'history_reliability']"
2026_04_ARI_NYG,ARI,NYG,Tyler Allgeier,RB,rushing_yards,over,18.5,draftkings,-117.0,0.5030996318345567,-101.24758685367875,0.995,,0.9909502882880792,1.1334765885837126,OK,HARD_CEILING_ONLY_-200,INFORMATIONAL_ONLY_NO_COMPARISON,"['phoenix_probability', 'availability', 'distribution_qa', 'history_reliability']"
2026_04_DAL_HOU,HOU,DAL,C.J. Stroud,QB,passing_yards,under,245.5,draftkings,-113.0,0.5019707210485678,-100.7914077070798,0.995,0.995,0.9909502882880792,1.134924493007538,OK,HARD_CEILING_ONLY_-200,INFORMATIONAL_ONLY_NO_COMPARISON,"['phoenix_probability', 'availability', 'distribution_qa', 'history_reliability']"
2026_04_LAC_SEA,LAC,SEA,Omarion Hampton,RB,rush_attempts,under,13.5,draftkings,-103.0,0.5019152800071256,-100.76905792538788,0.995,,0.8581881235449897,1.164828816220105,OK,HARD_CEILING_ONLY_-200,INFORMATIONAL_ONLY_NO_COMPARISON,"['phoenix_probability', 'availability', 'distribution_qa', 'history_reliability']"
2026_04_LAC_SEA,LAC,SEA,Justin Herbert,QB,pass_completions,over,18.5,draftkings,-120.0,0.5012678763733397,-100.50843982702378,0.995,0.995,0.9909502882880792,1.134924493007538,OK,HARD_CEILING_ONLY_-200,INFORMATIONAL_ONLY_NO_COMPARISON,"['phoenix_probability', 'availability', 'distribution_qa', 'history_reliability']"
2026_04_DAL_HOU,HOU,DAL,David Montgomery,RB,rush_attempts,over,11.5,draftkings,-138.0,0.5010965140676734,-100.43956961560384,0.995,,0.9909502882880792,1.1352403660639012,OK,HARD_CEILING_ONLY_-200,INFORMATIONAL_ONLY_NO_COMPARISON,"['phoenix_probability', 'availability', 'distribution_qa', 'history_reliability']"
2026_04_KC_LV,KC,LV,Patrick Mahomes,QB,pass_attempts,under,32.5,draftkings,-106.0,0.5004497447656242,-100.18005986821616,0.995,0.995,0.9909502882880792,1.0998244930075378,OK,HARD_CEILING_ONLY_-200,INFORMATIONAL_ONLY_NO_COMPARISON,"['phoenix_probability', 'availability', 'distribution_qa', 'history_reliability']"
